__v,_id,date,description,tag,title,user
0,62a2581af8854c6e02fcd326,2022-06-09T20:29:14.980Z,Flask is a FramWork of Python,Python,"let's learn Flask ",62974e9a39697ebba416c1e2
0,62a2741306c11d0d91996066,2022-06-09T22:28:35.425Z,lksdjfkl,skdljf,dsklfjlk,62974e9a39697ebba416c1e2
0,62a275e306c11d0d91996081,2022-06-09T22:36:19.420Z,klsdjfklj,kldsjfklsl,kfsjdklf,62974e9a39697ebba416c1e2
0,62a275ea06c11d0d91996083,2022-06-09T22:36:26.988Z,kldfsjklfjsdkl,lksdjfkljsdfkljdklsfj,jsdfkjsdkfjklsj,62974e9a39697ebba416c1e2
0,62a275f906c11d0d91996085,2022-06-09T22:36:41.572Z,this is dodssdddsdiscription,heddy,my tissddsddtle,62974e9a39697ebba416c1e2
0,62a275f906c11d0d91996087,2022-06-09T22:36:41.761Z,this is dodssdddsdiscription,heddy,my tissddsddtle,62974e9a39697ebba416c1e2
0,62a275fa06c11d0d91996089,2022-06-09T22:36:42.212Z,this is dodssdddsdiscription,heddy,my tissddsddtle,62974e9a39697ebba416c1e2
0,62a275fa06c11d0d9199608b,2022-06-09T22:36:42.462Z,this is dodssdddsdiscription,heddy,my tissddsddtle,62974e9a39697ebba416c1e2
0,62a275fa06c11d0d9199608d,2022-06-09T22:36:42.726Z,this is dodssdddsdiscription,heddy,my tissddsddtle,62974e9a39697ebba416c1e2
0,62a275fa06c11d0d9199608f,2022-06-09T22:36:42.976Z,this is dodssdddsdiscription,heddy,my tissddsddtle,62974e9a39697ebba416c1e2
0,62a275fb06c11d0d91996091,2022-06-09T22:36:43.223Z,this is dodssdddsdiscription,heddy,my tissddsddtle,62974e9a39697ebba416c1e2
0,62a275fb06c11d0d91996093,2022-06-09T22:36:43.488Z,this is dodssdddsdiscription,heddy,my tissddsddtle,62974e9a39697ebba416c1e2
0,62a275fb06c11d0d91996095,2022-06-09T22:36:43.760Z,this is dodssdddsdiscription,heddy,my tissddsddtle,62974e9a39697ebba416c1e2
0,62a275fc06c11d0d91996097,2022-06-09T22:36:44.019Z,this is dodssdddsdiscription,heddy,my tissddsddtle,62974e9a39697ebba416c1e2
0,62a275fc06c11d0d91996099,2022-06-09T22:36:44.305Z,this is dodssdddsdiscription,heddy,my tissddsddtle,62974e9a39697ebba416c1e2
0,62a275fc06c11d0d9199609b,2022-06-09T22:36:44.538Z,this is dodssdddsdiscription,heddy,my tissddsddtle,62974e9a39697ebba416c1e2
0,62a275fc06c11d0d9199609d,2022-06-09T22:36:44.822Z,this is dodssdddsdiscription,heddy,my tissddsddtle,62974e9a39697ebba416c1e2
0,62a275fd06c11d0d9199609f,2022-06-09T22:36:45.108Z,this is dodssdddsdiscription,heddy,my tissddsddtle,62974e9a39697ebba416c1e2
0,62a27f2806c11d0d919961b9,2022-06-09T23:15:52.532Z,sdklfsdklfj,kldsjfklsa,slsddkl,62974e9a39697ebba416c1e2
0,62a27f4706c11d0d9199624c,2022-06-09T23:16:23.653Z,klfdjsklfj,lkfdjsklj,sdjfklasdjfkl,62974e9a39697ebba416c1e2
0,62a27f6b06c11d0d91996253,2022-06-09T23:16:59.733Z,lkdsjkljasdkl,lksdjklfjsdl,skldfsdklfjkl,62974e9a39697ebba416c1e2
0,62a27f8b06c11d0d91996258,2022-06-09T23:17:31.106Z,klfjsdlkfjklsj,kklfjdsklfjskl,skdfjsdkl,62974e9a39697ebba416c1e2
0,62a2809806c11d0d91996261,2022-06-09T23:22:00.810Z,klsdjflakjd,kjdslkfjal,sdklfasdklfj,62974e9a39697ebba416c1e2
0,62a280ef06c11d0d9199626c,2022-06-09T23:23:27.295Z,kljfsdklfjkl,kldfslkfjkl,sdklfasdkl,62974e9a39697ebba416c1e2
0,62a2811806c11d0d91996270,2022-06-09T23:24:08.987Z,lkfjdsklfjldks,klfsdjklfjsdklf,klsdfklasdfj,62974e9a39697ebba416c1e2
0,62a2821f06c11d0d9199627d,2022-06-09T23:28:31.560Z,lkfjsdklfjskl,lksdjklfjsdkl,sdklfjaskldf,62a26e6206c11d0d9199604f