__v,_id,date,email,name,password
0,6296688b9fdb687525addc0e,2022-05-31T19:12:11.456Z,aduldss@gmail.com,abdulsd,34324
0,6296696b9795586068c3d41c,2022-05-31T19:15:55.578Z,adulsdss@gmail.com,abdulsd,34324
0,629669729795586068c3d41e,2022-05-31T19:16:02.066Z,adulssdss@gmail.com,abdulsd,34324
0,6296697e9795586068c3d420,2022-05-31T19:16:14.797Z,addss@gmail.com,abdlsd,34324
0,629669c504368f5821953bcd,2022-05-31T19:17:25.329Z,adds@gmail.com,abdlsd,34324
0,629669cd04368f5821953bd1,2022-05-31T19:17:33.569Z,ads@gmail.com,abdlsd,34324
0,6296719fbc819410a187f33d,2022-05-31T19:50:55.207Z,abdul1@gmail.com,Abdul rehman,hellowhattimeitis
0,629747ff724a30edf810435d,2022-06-01T11:05:35.654Z,ali@gmail.com,Ali ,$2a$10$Q3vRSTvqEhL4qqS8uE0yn.YtR9NAwV7NX8QJRZcx55R3FXB7.l26C
0,62974d88e633a2eeb7419dbd,2022-06-01T11:29:12.060Z,ali2@gmail.com,Ali2 ,$2a$10$0ey0n/Ux1JPhzKG0UToXquY6Eug4GvKtCEwOFkbj1H2Y/Ipc23kS2
0,62974db4dc5df58bf4b74eb5,2022-06-01T11:29:56.024Z,ali3@gmail.com,Ali3,$2a$10$B0GdZsgDEg8rVkjDXrmYz.rbJcSXHj1ux5v249j.iDuPZXFJmfDo2
0,62974ded6434e80327c926c1,2022-06-01T11:30:53.238Z,ali4@gmail.com,Ali4,$2a$10$mA43Id5XvkvLHtHqu9axVuU8VKof7M6XnPEHaVbZOwBxWMeIkDRDa
0,62974e9a39697ebba416c1e2,2022-06-01T11:33:46.521Z,ali6@gmail.com,Al5,$2a$10$lNm3ddmuadhoMb2VQUlsyep7j7LM0dS4dKlvqEskrEZpKsesO/1FO
0,62a26e6206c11d0d9199604f,2022-06-09T22:04:18.906Z,1@gmail.com,name,$2a$10$8Uo/pm5yyDd4Z3h/9m/mmu6DyQqUqRZrIcDR5gYrxrzOUTiXfbCee
0,62a275c106c11d0d9199607a,2022-06-09T22:35:45.879Z,2@gmail.com,jdssf,$2a$10$psSi8gUANAjgyoe9Qwjcyu8BaJps0a0I5i85yGU3yReHpljnHthwK
0,62a2807d06c11d0d9199625d,2022-06-09T23:21:33.105Z,hello@gmail.com,hello,$2a$10$lxwd9ZVuk9xaakTfadDx/u4cKASHjPwgkUoVZOqbPjOfl3wzxlYq2